evan,david,logsdon,loves,c
maria,theresa,pelino,loves,minecraft
and,they,love.each,other,very,much
i,cant,fathom,writing,enough,data,in,here,to,make,1024,characters
i,cant,fathom,writing,enough,data,in,here,to,make,1024,characters
i,cant,fathom,writing,enough,data,in,here,to,make,1024,characters
i,cant,fathom,writing,enough,data,in,here,to,make,1024,characters
i,cant,fathom,writing,enough,data,in,here,to,make,1024,characters
i,cant,fathom,writing,enough,data,in,here,to,make,1024,characters
i,cant,fathom,writing,enough,data,in,here,to,make,1024,characters
i,cant,fathom,writing,enough,data,in,here,to,make,1024,characters
i,cant,fathom,writing,enough,data,in,here,to,make,1024,characters
i,cant,fathom,writing,enough,data,in,here,to,make,1024,characters
i,cant,fathom,writing,enough,data,in,here,to,make,1024,characters
i,cant,fathom,writing,enough,data,in,here,to,make,1024,characters
i,cant,fathom,writing,enough,data,in,here,to,make,1024,characters
i,cant,fathom,writing,enough,data,in,here,to,make,1024,characters
i,cant,fathom,writing,enough,data,in,here,to,make,1024,characters
i,cant,fathom,writing,enough,data,in,here,to,make,1024,characters
i,cant,fathom,writing,enough,data,in,here,to,make,1024,characters
i,cant,fathom,writing,enough,data,in,here,to,make,1024,characters
i,cant,fathom,writing,enough,data,in,here,to,make,1024,characters
i,cant,fathom,writing,enough,data,in,here,to,make,1024,characters
i,cant,fathom,writing,enough,data,in,here,to,make,1024,characters
i,cant,fathom,writing,enough,data,in,here,to,make,1024,characters
i,cant,fathom,writing,enough,data,in,here,to,make,1024,characters
i,cant,fathom,writing,enough,data,in,here,to,make,1024,characters
i,cant,fathom,writing,enough,data,in,here,to,make,1024,characters
i,cant,fathom,writing,enough,data,in,here,to,make,1024,characters
i,cant,fathom,writing,enough,data,in,here,to,make,1024,characters
i,cant,fathom,writing,enough,data,in,here,to,make,1024,characters
i,cant,fathom,writing,enough,data,in,here,to,make,1024,characters
i,cant,fathom,writing,enough,data,in,here,to,make,1024,characters
i,cant,fathom,writing,enough,data,in,here,to,make,1024,characters
i,cant,fathom,writing,enough,data,in,here,to,make,1024,characters
i,cant,fathom,writing,enough,data,in,here,to,make,1024,characters
i,cant,fathom,writing,enough,data,in,here,to,make,1024,characters
i,cant,fathom,writing,enough,data,in,here,to,make,1024,characters
i,cant,fathom,writing,enough,data,in,here,to,make,1024,characters
i,cant,fathom,writing,enough,data,in,here,to,make,1024,characters
i,cant,fathom,writing,enough,data,in,here,to,make,1024,characters
i,cant,fathom,writing,enough,data,in,here,to,make,1024,characters
i,cant,fathom,writing,enough,data,in,here,to,make,1024,characters
i,cant,fathom,writing,enough,data,in,here,to,make,1024,characters
i,cant,fathom,writing,enough,data,in,here,to,make,1024,characters
i,cant,fathom,writing,enough,data,in,here,to,make,1024,characters
i,cant,fathom,writing,enough,data,in,here,to,make,1024,characters
i,cant,fathom,writing,enough,data,in,here,to,make,1024,characters
i,cant,fathom,writing,enough,data,in,here,to,make,1024,characters
i,cant,fathom,writing,enough,data,in,here,to,make,1024,characters
i,cant,fathom,writing,enough,data,in,here,to,make,1024,characters
i,cant,fathom,writing,enough,data,in,here,to,make,1024,characters
i,cant,fathom,writing,enough,data,in,here,to,make,1024,characters
i,cant,fathom,writing,enough,data,in,here,to,make,1024,characters
i,cant,fathom,writing,enough,data,in,here,to,make,1024,characters
i,cant,fathom,writing,enough,data,in,here,to,make,1024,characters
i,cant,fathom,writing,enough,data,in,here,to,make,1024,characters
i,cant,fathom,writing,enough,data,in,here,to,make,1024,characters
i,cant,fathom,writing,enough,data,in,here,to,make,1024,characters
i,cant,fathom,writing,enough,data,in,here,to,make,1024,characters
i,cant,fathom,writing,enough,data,in,here,to,make,1024,characters
i,cant,fathom,writing,enough,data,in,here,to,make,1024,characters
i,cant,fathom,writing,enough,data,in,here,to,make,1024,characters
i,cant,fathom,writing,enough,data,in,here,to,make,1024,characters
i,cant,fathom,writing,enough,data,in,here,to,make,1024,characters
i,cant,fathom,writing,enough,data,in,here,to,make,1024,characters
i,cant,fathom,writing,enough,data,in,here,to,make,1024,characters
i,cant,fathom,writing,enough,data,in,here,to,make,1024,characters
i,cant,fathom,writing,enough,data,in,here,to,make,1024,characters
i,cant,fathom,writing,enough,data,in,here,to,make,1024,characters
i,cant,fathom,writing,enough,data,in,here,to,make,1024,characters
i,cant,fathom,writing,enough,data,in,here,to,make,1024,characters
i,cant,fathom,writing,enough,data,in,here,to,make,1024,characters
i,cant,fathom,writing,enough,data,in,here,to,make,1024,characters
i,cant,fathom,writing,enough,data,in,here,to,make,1024,characters
i,cant,fathom,writing,enough,data,in,here,to,make,1024,characters
i,cant,fathom,writing,enough,data,in,here,to,make,1024,characters
i,cant,fathom,writing,enough,data,in,here,to,make,1024,characters
i,cant,fathom,writing,enough,data,in,here,to,make,1024,characters
i,cant,fathom,writing,enough,data,in,here,to,make,1024,characters
i,cant,fathom,writing,enough,data,in,here,to,make,1024,characters
i,cant,fathom,writing,enough,data,in,here,to,make,1024,characters
i,cant,fathom,writing,enough,data,in,here,to,make,1024,characters
i,cant,fathom,writing,enough,data,in,here,to,make,1024,characters
i,cant,fathom,writing,enough,data,in,here,to,make,1024,characters
i,cant,fathom,writing,enough,data,in,here,to,make,1024,characters
i,cant,fathom,writing,enough,data,in,here,to,make,1024,characters
i,cant,fathom,writing,enough,data,in,here,to,make,1024,characters
i,cant,fathom,writing,enough,data,in,here,to,make,1024,characters
i,cant,fathom,writing,enough,data,in,here,to,make,1024,characters
i,cant,fathom,writing,enough,data,in,here,to,make,1024,characters
i,cant,fathom,writing,enough,data,in,here,to,make,1024,characters
i,cant,fathom,writing,enough,data,in,here,to,make,1024,characters
i,cant,fathom,writing,enough,data,in,here,to,make,1024,characters
i,cant,fathom,writing,enough,data,in,here,to,make,1024,characters
i,cant,fathom,writing,enough,data,in,here,to,make,1024,characters
i,cant,fathom,writing,enough,data,in,here,to,make,1024,characters
i,cant,fathom,writing,enough,data,in,here,to,make,1024,characters
i,cant,fathom,writing,enough,data,in,here,to,make,1024,characters
i,cant,fathom,writing,enough,data,in,here,to,make,1024,characters
i,cant,fathom,writing,enough,data,in,here,to,make,1024,characters
i,cant,fathom,writing,enough,data,in,here,to,make,1024,characters
i,cant,fathom,writing,enough,data,in,here,to,make,1024,characters
i,cant,fathom,writing,enough,data,in,here,to,make,1024,characters
i,cant,fathom,writing,enough,data,in,here,to,make,1024,characters
i,cant,fathom,writing,enough,data,in,here,to,make,1024,characters
i,cant,fathom,writing,enough,data,in,here,to,make,1024,characters
i,cant,fathom,writing,enough,data,in,here,to,make,1024,characters
i,cant,fathom,writing,enough,data,in,here,to,make,1024,characters
i,cant,fathom,writing,enough,data,in,here,to,make,1024,characters
i,cant,fathom,writing,enough,data,in,here,to,make,1024,characters
i,cant,fathom,writing,enough,data,in,here,to,make,1024,characters
i,cant,fathom,writing,enough,data,in,here,to,make,1024,characters
i,cant,fathom,writing,enough,data,in,here,to,make,1024,characters
i,cant,fathom,writing,enough,data,in,here,to,make,1024,characters
i,cant,fathom,writing,enough,data,in,here,to,make,1024,characters
i,cant,fathom,writing,enough,data,in,here,to,make,1024,characters
i,cant,fathom,writing,enough,data,in,here,to,make,1024,characters
i,cant,fathom,writing,enough,data,in,here,to,make,1024,characters
i,cant,fathom,writing,enough,data,in,here,to,make,1024,characters
i,cant,fathom,writing,enough,data,in,here,to,make,1024,characters
i,cant,fathom,writing,enough,data,in,here,to,make,1024,characters
i,cant,fathom,writing,enough,data,in,here,to,make,1024,characters
i,cant,fathom,writing,enough,data,in,here,to,make,1024,characters
i,cant,fathom,writing,enough,data,in,here,to,make,1024,characters
i,cant,fathom,writing,enough,data,in,here,to,make,1024,characters
i,cant,fathom,writing,enough,data,in,here,to,make,1024,characters
i,cant,fathom,writing,enough,data,in,here,to,make,1024,characters
i,cant,fathom,writing,enough,data,in,here,to,make,1024,characters
i,cant,fathom,writing,enough,data,in,here,to,make,1024,characters
i,cant,fathom,writing,enough,data,in,here,to,make,1024,characters
i,cant,fathom,writing,enough,data,in,here,to,make,1024,characters
i,cant,fathom,writing,enough,data,in,here,to,make,1024,characters
i,cant,fathom,writing,enough,data,in,here,to,make,1024,characters
i,cant,fathom,writing,enough,data,in,here,to,make,1024,characters
i,cant,fathom,writing,enough,data,in,here,to,make,1024,characters
i,cant,fathom,writing,enough,data,in,here,to,make,1024,characters
i,cant,fathom,writing,enough,data,in,here,to,make,1024,characters
i,cant,fathom,writing,enough,data,in,here,to,make,1024,characters
i,cant,fathom,writing,enough,data,in,here,to,make,1024,characters
i,cant,fathom,writing,enough,data,in,here,to,make,1024,characters
i,cant,fathom,writing,enough,data,in,here,to,make,1024,characters
i,cant,fathom,writing,enough,data,in,here,to,make,1024,characters
i,cant,fathom,writing,enough,data,in,here,to,make,1024,characters
i,cant,fathom,writing,enough,data,in,here,to,make,1024,characters
i,cant,fathom,writing,enough,data,in,here,to,make,1024,characters
i,cant,fathom,writing,enough,data,in,here,to,make,1024,characters
i,cant,fathom,writing,enough,data,in,here,to,make,1024,characters
i,cant,fathom,writing,enough,data,in,here,to,make,1024,characters
i,cant,fathom,writing,enough,data,in,here,to,make,1024,characters
i,cant,fathom,writing,enough,data,in,here,to,make,1024,characters
i,cant,fathom,writing,enough,data,in,here,to,make,1024,characters
i,cant,fathom,writing,enough,data,in,here,to,make,1024,characters